,schneckendrehzahl,massedurchsatz,massetemperatur,massedruck,duesenspalt,abzugsgeschwindigkeit,kalibrierdruck_mbar,kuehlwassertemperatur,mfr_charge
schneckendrehzahl,1.0,0.9698975002683946,-0.0176439704048156,0.1823991304982913,0.8896858539139267,0.9348490160911722,-0.5933109481553612,-0.034116520707783295,-0.040896448606769664
massedurchsatz,0.9698975002683946,1.0,-0.013716205054062576,0.1682438405978189,0.9181536220128904,0.9725874739392406,-0.6788070024451467,-0.05219461734338706,-0.04633289518845818
massetemperatur,-0.0176439704048156,-0.013716205054062576,1.0,0.2533799230499992,-0.013353730277791567,-0.0008734653644932136,-0.039755930762416666,0.038681740164818915,-0.3328370395659271
massedruck,0.1823991304982913,0.1682438405978189,0.2533799230499992,1.0,-0.03748607703221074,0.13325550312534834,-0.041718745267405564,0.009648182858091098,-0.7391146842717461
duesenspalt,0.8896858539139267,0.9181536220128904,-0.013353730277791567,-0.03748607703221074,1.0,0.9176752634500823,-0.6503749505402361,-0.04301013905286239,-0.05427974100111606
abzugsgeschwindigkeit,0.9348490160911722,0.9725874739392406,-0.0008734653644932136,0.13325550312534834,0.9176752634500823,1.0,-0.6778721282484302,-0.04586102066243071,-0.06265660892165548
kalibrierdruck_mbar,-0.5933109481553612,-0.6788070024451467,-0.039755930762416666,-0.041718745267405564,-0.6503749505402361,-0.6778721282484302,1.0,0.0945138447004075,0.08081654618508573
kuehlwassertemperatur,-0.034116520707783295,-0.05219461734338706,0.038681740164818915,0.009648182858091098,-0.04301013905286239,-0.04586102066243071,0.0945138447004075,1.0,-0.028611424973262408
mfr_charge,-0.040896448606769664,-0.04633289518845818,-0.3328370395659271,-0.7391146842717461,-0.05427974100111606,-0.06265660892165548,0.08081654618508573,-0.028611424973262408,1.0
