zielgroesse,feature_set,modell,status,f1_mean,f1_std,train_f1_mean,f1_gap_mean,precision_mean,precision_std,train_precision_mean,precision_gap_mean,recall_mean,recall_std,train_recall_mean,recall_gap_mean,mcc_mean,mcc_std,train_mcc_mean,mcc_gap_mean,roc_auc_mean,roc_auc_std,train_roc_auc_mean,roc_auc_gap_mean,fit_time_sekunden_mean,n_folds_erfolgreich,f1_macro_mean,f1_macro_std,train_f1_macro_mean,f1_macro_gap_mean,f1_micro_mean,f1_micro_std,train_f1_micro_mean,f1_micro_gap_mean,subset_accuracy_mean,subset_accuracy_std,train_subset_accuracy_mean,subset_accuracy_gap_mean,f1_rueckuebersetzt_mean,f1_rueckuebersetzt_std,train_f1_rueckuebersetzt_mean,f1_rueckuebersetzt_gap_mean,kalibrierungs_version,mae_mean,mae_std,train_mae_mean,mae_gap_mean,rmse_mean,rmse_std,train_rmse_mean,rmse_gap_mean,r2_mean,r2_std,train_r2_mean,r2_gap_mean
binary,original,LogisticRegression,ok,0.3822468611989486,0.041333424807995504,0.4526702671460393,0.0704234059470907,0.29371256817252495,0.03316667556664312,0.3472295097962311,0.05351694162370611,0.5480459770114943,0.05816773391546057,0.6505747126436782,0.10252873563218387,0.07202597542662104,0.07444116336758884,0.19282503490623926,0.12079905947961822,0.5853392037451741,0.04859976571654894,0.6618210968303913,0.07648189308521713,0.016358089447021485,5,,,,,,,,,,,,,,,,,v2_class_weight_balanced,,,,,,,,,,,,
binary,original,kNN,ok,0.17415947992705524,0.02602235188664066,0.38338906529645156,0.20922958536939626,0.37272727272727274,0.12853272407066144,0.6575123517892795,0.2847850790620067,0.11655172413793102,0.017501486262688992,0.27231063955201884,0.15575891541408782,0.0654011457188948,0.06867124347021855,0.31376240041194847,0.24836125469305373,0.561384326203046,0.07025562637897936,0.8036273333857278,0.24224300718268185,0.0031174659729003907,5,,,,,,,,,,,,,,,,,v2_class_weight_balanced,,,,,,,,,,,,
binary,original,SVC,ok,0.4096736005411804,0.06317211201267837,0.5513584626449781,0.14168486210379766,0.3382311486962649,0.05344912912141116,0.4496427372613331,0.11141158856506812,0.5202298850574713,0.08015574745402929,0.7158267020335985,0.19559681697612732,0.14379061975616772,0.09595339436366349,0.36119048595900466,0.2173998662028369,,,,,0.005068159103393555,5,,,,,,,,,,,,,,,,,v2_class_weight_balanced,,,,,,,,,,,,
binary,original,RandomForest,ok,0.3696021464873924,0.07478181698242592,0.9019295056803165,0.5323273591929241,0.3590876715876716,0.0586349591069956,0.8383900214488882,0.47930234986121667,0.38344827586206903,0.09542196169063713,0.9760683760683762,0.5926201002063071,0.1423423540517874,0.08762128405220414,0.8686009564273963,0.7262586023756088,0.5860830031648884,0.05354564434791251,0.9930544931025654,0.40697148993767707,0.2992541313171387,5,,,,,,,,,,,,,,,,,v2_class_weight_balanced,,,,,,,,,,,,
binary,original,HistGradientBoosting,ok,0.33597166756313596,0.056769708153128845,0.7248472403809159,0.38887557281777985,0.31662931839402425,0.05050636198588386,0.6422089804176988,0.3255796620236745,0.3625287356321839,0.07439046360548704,0.8322723253757737,0.46974358974358976,0.08186725355772964,0.0750890622125707,0.6206737974427166,0.5388065438849869,0.5484617359260422,0.06451675590787051,0.9187845851714185,0.37032284924537623,0.94953932762146,5,,,,,,,,,,,,,,,,,v2_class_weight_balanced,,,,,,,,,,,,
binary,original,XGBoost,ok,0.36413593606216554,0.061560534652203465,0.7531747597233767,0.3890388236612111,0.3433343989769821,0.053019845448308366,0.6808626140666536,0.33752821508967157,0.39770114942528734,0.09796448621913802,0.8442234011199528,0.44652225169466553,0.12240799092402828,0.08006537629139014,0.6612126061630066,0.5388046152389784,0.5612925039096672,0.05016694291474195,0.943099490393746,0.3818069864840788,0.035558319091796874,5,,,,,,,,,,,,,,,,,v2_class_weight_balanced,,,,,,,,,,,,
binary,original,LightGBM,ok,0.36680251262366986,0.046295158777913986,0.6960727656528084,0.3292702530291386,0.33529576152105517,0.04038710459572615,0.6157229682771959,0.2804272067561405,0.41080459770114947,0.07114413290624258,0.8014441497200118,0.39063955201886236,0.11454444939476734,0.06288347218069948,0.5792676419755636,0.46472319258079625,0.5569743059707291,0.049436830108670386,0.8944093096751992,0.3374350037044702,0.01757822036743164,5,,,,,,,,,,,,,,,,,v2_class_weight_balanced,,,,,,,,,,,,
binary,original,GaussianNB,ok,0.42023548353397366,0.04388688112438888,0.4455550529077274,0.025319569373753792,0.31151392846241216,0.036371130386434955,0.3273870141865274,0.01587308572411522,0.6581609195402299,0.09940395758183057,0.708782788093133,0.05062186855290305,0.12405614639269884,0.08018153538311071,0.1659123441802865,0.0418561977875877,0.6156016158832133,0.05949700508172439,0.6491578230295052,0.03355620714629193,0.0031982898712158204,5,,,,,,,,,,,,,,,,,v2_class_weight_balanced,,,,,,,,,,,,
binary,original,MLP,ok,0.0,0.0,0.0,0.0,0.0,0.0,0.0,0.0,0.0,0.0,0.0,0.0,0.0,0.0,0.0,0.0,0.44372264499545705,0.05402111286743469,0.4509899338352071,0.007267288839749975,0.027446269989013672,5,,,,,,,,,,,,,,,,,v2_class_weight_balanced,,,,,,,,,,,,
binary,original_no_kategorial,LogisticRegression,ok,0.3747070779214312,0.037211718439747146,0.4478960587274526,0.07318898080602136,0.28538183888330276,0.026337886895556297,0.3429848870064566,0.05760304812315379,0.5478160919540229,0.07087621396797475,0.6455201886236369,0.09770409666961388,0.05697107517476767,0.05822449582624815,0.18353630613479419,0.12656523096002653,0.578254244902233,0.05939815776934759,0.6525005377570341,0.07424629285480111,0.007129478454589844,5,,,,,,,,,,,,,,,,,v2_class_weight_balanced,,,,,,,,,,,,
binary,original_no_kategorial,kNN,ok,0.1942581509205386,0.056248861382362327,0.43543589455710513,0.24117774363656652,0.3395182595182595,0.0906988796814543,0.6922054779601948,0.35268721844193535,0.1374712643678161,0.044348158351402274,0.31850869437076335,0.18103743000294722,0.06138739641477653,0.07046926872376519,0.36246061558854137,0.30107321917376484,0.5874295331029755,0.044082451341450744,0.817605851106564,0.23017631800358868,0.0028881549835205076,5,,,,,,,,,,,,,,,,,v2_class_weight_balanced,,,,,,,,,,,,
binary,original_no_kategorial,SVC,ok,0.3984097236175296,0.05246720741914041,0.5471262155683074,0.14871649195077785,0.3303996958274296,0.03394638912611302,0.4488471920076174,0.11844749618018775,0.5066666666666666,0.09474611616981514,0.7020925434718539,0.19542587680518714,0.13139073068949703,0.07015969157223166,0.3547678684597025,0.22337713777020546,,,,,0.004331445693969727,5,,,,,,,,,,,,,,,,,v2_class_weight_balanced,,,,,,,,,,,,
binary,original_no_kategorial,RandomForest,ok,0.3663379282179332,0.06697423508886971,0.9102283237865176,0.5438903955685843,0.3637434017595308,0.04283600348626105,0.8504979910411926,0.48675458928166176,0.3770114942528736,0.10316692263134197,0.9794871794871796,0.602475685234306,0.14493771882121856,0.0718904079402774,0.879840233576572,0.7349025147553536,0.5816669537696624,0.06499376086908568,0.9954791130082983,0.4138121592386361,0.3012555122375488,5,,,,,,,,,,,,,,,,,v2_class_weight_balanced,,,,,,,,,,,,
binary,original_no_kategorial,HistGradientBoosting,ok,0.3393344485729758,0.06646114280676746,0.7214381865063901,0.3821037379334142,0.31781081663434607,0.06091246678572252,0.6431177231152949,0.32530690648094884,0.36942528735632185,0.08310782011043877,0.8220011788977306,0.4525758915414088,0.08379782171007658,0.09074401448012852,0.61555494032628,0.5317571186162035,0.5472751899101874,0.059134995139624245,0.9170320973257038,0.3697569074155164,0.7174361705780029,5,,,,,,,,,,,,,,,,,v2_class_weight_balanced,,,,,,,,,,,,
binary,original_no_kategorial,XGBoost,ok,0.3341633978871963,0.09192921518381662,0.7635734779486437,0.42941008006144743,0.3174438500096395,0.0858250373593651,0.6937406061507305,0.37629675614109104,0.3563218390804598,0.10408488664525768,0.8493663424697907,0.49304450338933103,0.08271924250745301,0.12398919032107654,0.6753909352961356,0.5926716927886827,0.543384538997031,0.06299964569856643,0.9415804742794439,0.3981959352824128,0.017485713958740233,5,,,,,,,,,,,,,,,,,v2_class_weight_balanced,,,,,,,,,,,,
binary,original_no_kategorial,LightGBM,ok,0.38064735339147315,0.05333680656272201,0.6751180385981852,0.29447068520671216,0.33811888613538543,0.05396605295347512,0.5972325862149555,0.2591137000795701,0.43839080459770113,0.05928004215645498,0.7774830533451222,0.33909224874742117,0.123045024696347,0.08201346971309852,0.5492052993789264,0.42616027468257933,0.5588914446684973,0.05533537661874484,0.8874215149227404,0.3285300702542429,0.011618709564208985,5,,,,,,,,,,,,,,,,,v2_class_weight_balanced,,,,,,,,,,,,
binary,original_no_kategorial,GaussianNB,ok,0.4228047122942967,0.06280514098567662,0.4549819849275214,0.03217727263322464,0.35013827554069,0.06070240618720571,0.3738027354350244,0.02366445989433442,0.5558620689655173,0.11569774883040425,0.5990421455938698,0.04318007662835246,0.1614400160076555,0.10310384360009386,0.21473008767941396,0.053290071671758435,0.6190950175808364,0.056662563079430045,0.6495081054529235,0.030413087872086984,0.001508474349975586,5,,,,,,,,,,,,,,,,,v2_class_weight_balanced,,,,,,,,,,,,
binary,original_no_kategorial,MLP,ok,0.29467776963065523,0.13621991109563794,0.28302045091795336,-0.011657318712701842,0.3794141012909632,0.11190763818686103,0.40583518107908345,0.02642107978812026,0.28229885057471266,0.18737197593442326,0.2635131152372532,-0.018785735337459468,0.1337342197673097,0.11276136531022536,0.13386430547959763,0.0001300857122879251,0.587645316336836,0.059578010767958475,0.6080369568218138,0.0203916404849779,0.050946378707885744,5,,,,,,,,,,,,,,,,,v2_class_weight_balanced,,,,,,,,,,,,
binary,residual,LogisticRegression,ok,0.37892054992456603,0.04072189990899394,0.44901095734525176,0.07009040742068583,0.29158379356492564,0.030982289528702352,0.3453603192580375,0.05377652569311188,0.5413793103448276,0.061297892533210954,0.6420129678750368,0.10063365753020925,0.0681310674262097,0.07073737447296652,0.18693177879713377,0.1188007113709241,0.5831584031669149,0.048207328387458975,0.6598374941475911,0.07667909098067618,0.0012637138366699218,5,,,,,,,,,,,,,,,,,v2_class_weight_balanced,,,,,,,,,,,,
binary,residual,kNN,ok,0.19364118932796726,0.024797703664028548,0.35345628990370664,0.15981510057573942,0.3843434343434343,0.0847281493960031,0.6369849612085637,0.25264152686512936,0.13011494252873565,0.013451713874324407,0.2449160035366932,0.11480106100795755,0.08420487439549465,0.05456115091888756,0.28619435505577717,0.20198948066028244,0.555840198472612,0.030728702848548093,0.8120335402261734,0.25619334175356123,0.0004015922546386719,5,,,,,,,,,,,,,,,,,v2_class_weight_balanced,,,,,,,,,,,,
binary,residual,SVC,ok,0.3918577075098814,0.05733247564714162,0.6420193849225383,0.2501616774126568,0.3423464788581068,0.043557672508409986,0.5378906525573193,0.19554417369921245,0.4593103448275862,0.08225131870827904,0.7980253463012084,0.3387150014736221,0.13775946330448602,0.08233377859531356,0.5010558606016865,0.3632963972972005,,,,,0.0035537242889404296,5,,,,,,,,,,,,,,,,,v2_class_weight_balanced,,,,,,,,,,,,
binary,residual,RandomForest,ok,0.3524321673749591,0.06048771776926141,0.9193170225771345,0.5668848552021755,0.34421599905470873,0.06324170788049216,0.8572569364218797,0.5130409373671709,0.3632183908045977,0.06108197818660425,0.9914529914529915,0.6282346006483938,0.11366041624823575,0.09361230515686005,0.892560997527398,0.7789005812791622,0.5706513522551095,0.03907719453231012,0.9973759018969395,0.42672454964182993,0.30006117820739747,5,,,,,,,,,,,,,,,,,v2_class_weight_balanced,,,,,,,,,,,,
binary,residual,HistGradientBoosting,ok,0.383315409062788,0.029573025973844116,0.722960469575045,0.339645060512257,0.33552875695732837,0.03979396140168868,0.6312558988627335,0.29572714190540494,0.452183908045977,0.0349062122227169,0.8459622752726201,0.39377836722664317,0.11972429155142446,0.06591544880048295,0.618326323801844,0.49860203225041955,0.5736104046125629,0.037251708431622295,0.9244560170289209,0.3508456124163579,0.7169756889343262,5,,,,,,,,,,,,,,,,,v2_class_weight_balanced,,,,,,,,,,,,
binary,residual,XGBoost,ok,0.3701452344076211,0.057619529411225154,0.7832147019665859,0.41306946755896484,0.3430524759793052,0.05270345211193146,0.7056625666590903,0.36261009067978506,0.404367816091954,0.06808790258578136,0.8802092543471854,0.47584143825523145,0.12312302395756633,0.0856690923450906,0.7033439736164976,0.5802209496589312,0.5791581126862368,0.05399182134445537,0.9531952361147358,0.3740371234284988,0.01605849266052246,5,,,,,,,,,,,,,,,,,v2_class_weight_balanced,,,,,,,,,,,,
binary,residual,LightGBM,ok,0.3947745254401601,0.04286517018429553,0.7016448864644327,0.3068703610242725,0.3413979567321245,0.055041924969826864,0.6163398660968923,0.2749419093647679,0.4728735632183908,0.01977011494252874,0.8152077807250221,0.34233421750663134,0.12969707637963476,0.08885601056978384,0.5879026929236495,0.45820561654401465,0.5772219576371086,0.05283480984905041,0.9109770327084474,0.3337550750713388,0.01233224868774414,5,,,,,,,,,,,,,,,,,v2_class_weight_balanced,,,,,,,,,,,,
binary,residual,GaussianNB,ok,0.29175769158377857,0.053621242505013156,0.3271682648466855,0.035410573262906905,0.36874302168419815,0.06375973281258203,0.40781266814513417,0.03906964646093599,0.24666666666666667,0.05960011190105307,0.27565576186265844,0.028989095195991736,0.1103394352168627,0.06422608494719709,0.15551947706955366,0.04518004185269093,0.59063480161183,0.050014003138266865,0.6393884731121322,0.04875367150030221,0.0004005908966064453,5,,,,,,,,,,,,,,,,,v2_class_weight_balanced,,,,,,,,,,,,
binary,residual,MLP,ok,0.026666666666666665,0.032659863237109045,0.01694915254237288,-0.009717514124293785,0.4,0.48989794855663565,0.8,0.4,0.013793103448275862,0.016893032708849506,0.008576480990274093,-0.005216622458001767,0.06423009275378626,0.07866547668920579,0.07039077404050782,0.006160681286721564,0.43949530671044135,0.05854665454219322,0.44450081466261615,0.005005507952174693,0.016150903701782227,5,,,,,,,,,,,,,,,,,v2_class_weight_balanced,,,,,,,,,,,,
binary,combined,LogisticRegression,ok,0.38037652270210404,0.02827426221357395,0.449142440938072,0.06876591823596787,0.29149057283732205,0.023722229661890526,0.3445243749057081,0.05303380206838608,0.5480459770114943,0.03848361003740977,0.6454317712938402,0.09738579428234603,0.06773810249693923,0.05229427807029555,0.18670456066743704,0.11896645817049781,0.5803100374584969,0.047452358400313234,0.6631851786555402,0.08287514119704345,0.006141185760498047,5,,,,,,,,,,,,,,,,,v2_class_weight_balanced,,,,,,,,,,,,
binary,combined,kNN,ok,0.16463749463749464,0.041111358894709016,0.369075753253597,0.20443825861610235,0.3415584415584415,0.12233669726919649,0.6354752194649893,0.29391677790654774,0.10965517241379312,0.02602477553670787,0.26202475685234305,0.15236958443854998,0.05077135154994546,0.07429423639856689,0.29640772351422473,0.2456363719642792,0.556713852888425,0.06001398357530242,0.807905378529405,0.25119152564098,0.00034985542297363283,5,,,,,,,,,,,,,,,,,v2_class_weight_balanced,,,,,,,,,,,,
binary,combined,SVC,ok,0.39521035191623427,0.07075774823892896,0.6081053201711668,0.21289496825493265,0.33693141546800087,0.05124799362607558,0.5052537864084641,0.16832237094046326,0.47954022988505746,0.1047892650262313,0.765473032714412,0.2859328028293545,0.13640499944507148,0.09860386421835644,0.44941706736373205,0.3130120679186606,,,,,0.0070722103118896484,5,,,,,,,,,,,,,,,,,v2_class_weight_balanced,,,,,,,,,,,,
binary,combined,RandomForest,ok,0.3636926182978814,0.05608029797660324,0.9201171921869177,0.5564245738890363,0.36858121588556375,0.04849610922865671,0.8638204474962166,0.4952392316106528,0.36321839080459767,0.07505667916006671,0.9846153846153847,0.621396993810787,0.14408168812919558,0.07093515773833764,0.8931492346409072,0.7490675465117118,0.5922238322507862,0.06603997543791355,0.9970969113699063,0.40487307911911996,0.32173709869384765,5,,,,,,,,,,,,,,,,,v2_class_weight_balanced,,,,,,,,,,,,
binary,combined,HistGradientBoosting,ok,0.3691964587450456,0.04981534149724649,0.7600650629846133,0.39086860423956776,0.33771948771948773,0.048644394528988354,0.6698794647834546,0.3321599770639668,0.41080459770114947,0.060287767220803694,0.8784998526377837,0.4676952549366343,0.11718890085319231,0.07262791733663779,0.6717041226234883,0.554515221770296,0.5680131797163422,0.05499853263566303,0.9399771076044772,0.3719639278881349,1.3518445014953613,5,,,,,,,,,,,,,,,,,v2_class_weight_balanced,,,,,,,,,,,,
binary,combined,XGBoost,ok,0.35749057652263183,0.06699371328008227,0.8034494867463113,0.4459589102236795,0.3326719237117183,0.055212234545216295,0.732529514357281,0.3998575906455627,0.3903448275862069,0.0883835549991768,0.8904214559386974,0.5000766283524906,0.10923669770617277,0.08731226308651185,0.7316162319684103,0.6223795342622375,0.5753671034009884,0.06711915599860833,0.9625886584367608,0.38722155503577244,0.01822209358215332,5,,,,,,,,,,,,,,,,,v2_class_weight_balanced,,,,,,,,,,,,
binary,combined,LightGBM,ok,0.36151177806532686,0.0419567181653146,0.7180440510719597,0.3565322730066329,0.32513736263736265,0.033354082219146944,0.6249346614372631,0.29979729879990036,0.4110344827586207,0.06565864957468637,0.8442528735632184,0.4332183908045977,0.10210166397045958,0.0589520550947081,0.6117430070903842,0.5096413431199246,0.5739212864916351,0.0427753162401212,0.9194236408559059,0.3455023543642709,0.01247100830078125,5,,,,,,,,,,,,,,,,,v2_class_weight_balanced,,,,,,,,,,,,
binary,combined,GaussianNB,ok,0.41109873177279666,0.05193649792668797,0.4419795177551671,0.03088078598237045,0.3105656528870753,0.036211328128814176,0.3367558106596421,0.0261901577725668,0.6172413793103448,0.11663127258819145,0.6522251694665487,0.03498379015620397,0.11941418651946649,0.08678554272966128,0.17093353474021572,0.05151934822074926,0.6055729731372926,0.05383376623765948,0.6442305953065576,0.03865762216926501,0.0007563114166259765,5,,,,,,,,,,,,,,,,,v2_class_weight_balanced,,,,,,,,,,,,
binary,combined,MLP,ok,0.19802400866339487,0.10412214438788428,0.23636423262844808,0.038340223965053224,0.28600932400932405,0.06491680437251776,0.40949780288763343,0.12348847887830941,0.17701149425287355,0.12306904656849814,0.2127320954907162,0.03572060123784263,0.02978874698350039,0.060528808652915454,0.10030932473566603,0.07052057775216565,0.5445496029534455,0.05697958559836666,0.5882175801863564,0.04366797723291103,0.053385162353515626,5,,,,,,,,,,,,,,,,,v2_class_weight_balanced,,,,,,,,,,,,
multilabel,original,LogisticRegression,ok,,,,,,,,,,,,,,,,,,,,,0.0723200798034668,5,0.11472898477733233,0.013462987989138904,0.18893930792967756,0.07421032315234526,0.14037382504755605,0.016050451712563515,0.19517265766100678,0.05479883261345071,0.10892857142857144,0.041265071458183374,0.11339285714285714,0.00446428571428571,0.4220149250564302,0.012859445025437198,0.43219586956342704,0.010180944506996813,v2_class_weight_balanced,,,,,,,,,,,,
multilabel,original,kNN,ok,,,,,,,,,,,,,,,,,,,,,0.009954404830932618,5,0.0,0.0,0.019269756166318937,0.019269756166318937,0.0,0.0,0.053207408453827806,0.053207408453827806,0.7339285714285715,0.006681531047810633,0.741517857142857,0.00758928571428572,0.0,0.0,0.061566325012816725,0.061566325012816725,v2_class_weight_balanced,,,,,,,,,,,,
multilabel,original,SVC,ok,,,,,,,,,,,,,,,,,,,,,0.03843774795532227,5,0.10762822222227537,0.019952251568087626,0.33426640774118527,0.22663818551890985,0.12054216510065907,0.01859582107582242,0.31217350430445867,0.19163133920379968,0.2,0.014507211436849923,0.2839285714285714,0.08392857142857144,0.400392589866274,0.029519043735642805,0.4853590183939508,0.0849664285276767,v2_class_weight_balanced,,,,,,,,,,,,
multilabel,original,RandomForest,ok,,,,,,,,,,,,,,,,,,,,,2.4865915298461916,5,0.0554032279178478,0.036267832564077625,0.7929668871520557,0.7375636592342077,0.09788109848857184,0.04042872356873173,0.8015370666863113,0.7036559681977393,0.5875,0.017313142347915467,0.8691964285714284,0.28169642857142857,0.35558589908131444,0.10007207301699027,0.8476610419022595,0.49207514282094494,v2_class_weight_balanced,,,,,,,,,,,,
multilabel,original,HistGradientBoosting,ok,,,,,,,,,,,,,,,,,,,,,10.944897890090942,5,0.09780087841481307,0.03857256194477823,0.6653423646396625,0.5675414862248493,0.15017203268314447,0.014469388131748674,0.5998496588569897,0.4496776261738452,0.40535714285714286,0.035981145856446226,0.66875,0.26339285714285715,0.40299906883240216,0.04474529161386045,0.6857452236932833,0.28274615486088117,v2_class_weight_balanced,,,,,,,,,,,,
multilabel,original,XGBoost,ok,,,,,,,,,,,,,,,,,,,,,0.3177621841430664,5,0.0037037037037037034,0.007407407407407407,0.11426751417267807,0.11056381046897437,0.010810810810810811,0.021621621621621623,0.2196013663714444,0.20879055556063358,0.7339285714285715,0.013122266479195602,0.7602678571428572,0.026339285714285676,0.02583333333333333,0.03166666666666666,0.2342450232898577,0.20841168995652434,v2_class_weight_balanced,,,,,,,,,,,,
multilabel,original,LightGBM,ok,,,,,,,,,,,,,,,,,,,,,0.21547479629516603,5,0.07066237840006942,0.0448276894120237,0.7190674284323408,0.6484050500322713,0.11298356011866592,0.03504104406473135,0.6401342192219925,0.5271506591033266,0.43392857142857133,0.04538666081121013,0.715625,0.28169642857142857,0.35158396825708793,0.07565763501823526,0.7179562766225069,0.36637230836541906,v2_class_weight_balanced,,,,,,,,,,,,
multilabel,original,GaussianNB,ok,,,,,,,,,,,,,,,,,,,,,0.019763898849487305,5,0.08366229875403189,0.018744052091299857,0.10030630765001543,0.016644008895983543,0.0903211254428707,0.01743342943272673,0.09622735646183218,0.005906231018961478,0.021428571428571425,0.009105391988558543,0.026785714285714284,0.005357142857142859,0.41320778984555934,0.017637577323595707,0.4117272592941452,-0.001480530551414083,v2_class_weight_balanced,,,,,,,,,,,,
multilabel,original,MLP,ok,,,,,,,,,,,,,,,,,,,,,0.29384098052978513,5,0.0,0.0,0.0,0.0,0.0,0.0,0.0,0.0,0.7410714285714286,0.0056469243931578355,0.7410714285714286,0.0,0.0,0.0,0.0,0.0,v2_class_weight_balanced,,,,,,,,,,,,
multilabel,original_no_kategorial,LogisticRegression,ok,,,,,,,,,,,,,,,,,,,,,0.060180282592773436,5,0.11044177413559682,0.012688544420389618,0.16534203121208974,0.05490025707649291,0.1335799453644876,0.015854059812541964,0.1805922465281256,0.047012301163638026,0.09464285714285714,0.026845172104237335,0.09598214285714284,0.0013392857142857123,0.42147588974787425,0.010916890839420717,0.42965491724390104,0.008179027496026836,v2_class_weight_balanced,,,,,,,,,,,,
multilabel,original_no_kategorial,kNN,ok,,,,,,,,,,,,,,,,,,,,,0.00936298370361328,5,0.008641975308641974,0.010762713440841168,0.028374488494484058,0.01973251318584208,0.022932022932022934,0.02816219793656014,0.066428837614772,0.04349681468274907,0.7339285714285714,0.010412414097938048,0.7392857142857143,0.005357142857142882,0.038736559139784944,0.03165571126922007,0.0802466980763363,0.041510138936551366,v2_class_weight_balanced,,,,,,,,,,,,
multilabel,original_no_kategorial,SVC,ok,,,,,,,,,,,,,,,,,,,,,0.039145612716674806,5,0.088620055167706,0.016875304500263345,0.3164583796014726,0.2278383244337666,0.1316132792441204,0.011976617463664081,0.3136006254576354,0.18198734621351503,0.23214285714285715,0.03144074439581966,0.3075892857142857,0.07544642857142855,0.42534304148046986,0.02511619824067024,0.4968177642982904,0.07147472281782057,v2_class_weight_balanced,,,,,,,,,,,,
multilabel,original_no_kategorial,RandomForest,ok,,,,,,,,,,,,,,,,,,,,,2.4129026412963865,5,0.06487278713534009,0.03601590817342859,0.7883025868130062,0.7234297996776661,0.1064611707223309,0.03536909874866408,0.800304138678763,0.6938429679564322,0.5821428571428571,0.03164293776190955,0.8683035714285715,0.2861607142857143,0.3398413483072478,0.0704016176234211,0.8475240160777314,0.5076826677704837,v2_class_weight_balanced,,,,,,,,,,,,
multilabel,original_no_kategorial,HistGradientBoosting,ok,,,,,,,,,,,,,,,,,,,,,8.383242464065551,5,0.09648270919267773,0.03840573388383817,0.6768923063367063,0.5804095971440285,0.14958053481548628,0.019705917473509735,0.6024873394543719,0.45290680463888566,0.4053571428571428,0.04467855715427431,0.6736607142857143,0.2683035714285714,0.3903091762952934,0.040524156692011266,0.6908655009677171,0.3005563246724238,v2_class_weight_balanced,,,,,,,,,,,,
multilabel,original_no_kategorial,XGBoost,ok,,,,,,,,,,,,,,,,,,,,,0.16205167770385742,5,0.0037037037037037034,0.007407407407407407,0.12942170612932022,0.1257180024256165,0.010810810810810811,0.021621621621621623,0.23279772417188696,0.22198691336107618,0.7375,0.012111303541295122,0.7629464285714285,0.025446428571428537,0.05247311827956989,0.04852024690829204,0.2388213303134369,0.18634821203386703,v2_class_weight_balanced,,,,,,,,,,,,
multilabel,original_no_kategorial,LightGBM,ok,,,,,,,,,,,,,,,,,,,,,0.14195795059204103,5,0.06985369880543893,0.03129901182171622,0.7181803754056023,0.6483266766001635,0.11329479454238678,0.023263311738266224,0.6338611538008581,0.5205663592584714,0.425,0.03321620578167549,0.7142857142857144,0.28928571428571426,0.3581496959768482,0.04463744340770764,0.7169470958456466,0.3587973998687984,v2_class_weight_balanced,,,,,,,,,,,,
multilabel,original_no_kategorial,GaussianNB,ok,,,,,,,,,,,,,,,,,,,,,0.01623077392578125,5,0.07806044576118025,0.011203768281300666,0.13959627425952484,0.0615358284983446,0.1172845851096576,0.01958808565625902,0.14814398821792327,0.030859403108265692,0.2375,0.034162725838766055,0.24375,0.006249999999999989,0.410825729035374,0.039631195601704326,0.4189486000499244,0.00812287101455037,v2_class_weight_balanced,,,,,,,,,,,,
multilabel,original_no_kategorial,MLP,ok,,,,,,,,,,,,,,,,,,,,,0.5440487384796142,5,0.02760333883140901,0.03204550187264701,0.04095671649771184,0.013353377666302828,0.04564379017209206,0.04431639367174549,0.07680520484055692,0.031161414668464858,0.6910714285714284,0.015567496226930985,0.6857142857142856,-0.005357142857142838,0.1900308841485312,0.09837246750513734,0.20856365990531991,0.018532775756788734,v2_class_weight_balanced,,,,,,,,,,,,
multilabel,residual,LogisticRegression,ok,,,,,,,,,,,,,,,,,,,,,0.049392986297607425,5,0.1118817408805171,0.011882430185017494,0.1948761569422674,0.08299441606175031,0.1389951788760812,0.012921140754812929,0.1970544523519676,0.05805927347588642,0.10178571428571428,0.03813242232868326,0.11607142857142858,0.014285714285714285,0.42481651372256213,0.014198630038039652,0.430250023528024,0.005433509805461834,v2_class_weight_balanced,,,,,,,,,,,,
multilabel,residual,kNN,ok,,,,,,,,,,,,,,,,,,,,,0.011646747589111328,5,0.0,0.0,0.02063635029440864,0.02063635029440864,0.0,0.0,0.025770280874169466,0.025770280874169466,0.7339285714285715,0.006681531047810633,0.7383928571428572,0.004464285714285743,0.012903225806451613,0.025806451612903226,0.03017041751565453,0.017267191709202916,v2_class_weight_balanced,,,,,,,,,,,,
multilabel,residual,SVC,ok,,,,,,,,,,,,,,,,,,,,,0.032384729385375975,5,0.11502105254362253,0.04267941566266294,0.4960046095263822,0.38098355698275965,0.1387266309727906,0.03371339650446042,0.44560641949579016,0.30687978852299963,0.3178571428571429,0.05345224838248487,0.4897321428571428,0.17187499999999997,0.4059388474737828,0.014968869201801033,0.5748947647853226,0.16895591731153978,v2_class_weight_balanced,,,,,,,,,,,,
multilabel,residual,RandomForest,ok,,,,,,,,,,,,,,,,,,,,,2.8961512088775634,5,0.09671595715073975,0.029717793323950963,0.841785085799746,0.7450691286490062,0.14432389746758117,0.04680382811777179,0.8173791175349366,0.6730552200673555,0.5589285714285716,0.015567496226930986,0.8799107142857144,0.3209821428571429,0.30696132663464787,0.07136586171745583,0.8603714103896486,0.5534100837550008,v2_class_weight_balanced,,,,,,,,,,,,
multilabel,residual,HistGradientBoosting,ok,,,,,,,,,,,,,,,,,,,,,10.620226049423218,5,0.10444478528188592,0.01840220410597747,0.7092694680775868,0.6048246827957009,0.1494540069249672,0.041217628944291144,0.6314343082060613,0.4819803012810941,0.42142857142857143,0.02612274792558535,0.7053571428571429,0.2839285714285714,0.36048047792391796,0.05448801263412782,0.7042146163137277,0.34373413838980976,v2_class_weight_balanced,,,,,,,,,,,,
multilabel,residual,XGBoost,ok,,,,,,,,,,,,,,,,,,,,,0.19005160331726073,5,0.0,0.0,0.12231994286135325,0.12231994286135325,0.0,0.0,0.21004637125933687,0.21004637125933687,0.7357142857142858,0.009105391988558559,0.7642857142857143,0.028571428571428602,0.012903225806451613,0.02580645161290323,0.2233894286375202,0.21048620283106861,v2_class_weight_balanced,,,,,,,,,,,,
multilabel,residual,LightGBM,ok,,,,,,,,,,,,,,,,,,,,,0.1549851417541504,5,0.10266161374331309,0.03983715294729928,0.7457001689089048,0.6430385551655917,0.13103653222465103,0.02063465922692026,0.6590029763726628,0.5279664441480117,0.42321428571428565,0.01211130354129511,0.7334821428571429,0.31026785714285715,0.3300911136798323,0.03913162025782729,0.7259253513250601,0.39583423764522785,v2_class_weight_balanced,,,,,,,,,,,,
multilabel,residual,GaussianNB,ok,,,,,,,,,,,,,,,,,,,,,0.012851285934448241,5,0.09099768473204764,0.010293339386282838,0.12941824399773205,0.03842055926568442,0.09775550147752796,0.013217666509010857,0.10901768120243176,0.011262179724903804,0.008928571428571428,0.00564692439315782,0.017857142857142856,0.008928571428571428,0.4119717478296998,0.012442248559660566,0.41578126272843585,0.0038095148987360994,v2_class_weight_balanced,,,,,,,,,,,,
multilabel,residual,MLP,ok,,,,,,,,,,,,,,,,,,,,,0.2511767387390137,5,0.008888888888888889,0.017777777777777778,0.009702496983198737,0.0008136080943098479,0.008888888888888889,0.017777777777777778,0.010998771713057427,0.0021098828241685377,0.7410714285714286,0.0056469243931578355,0.7410714285714286,0.0,0.026666666666666665,0.032659863237109045,0.013675713208150381,-0.012990953458516285,v2_class_weight_balanced,,,,,,,,,,,,
multilabel,combined,LogisticRegression,ok,,,,,,,,,,,,,,,,,,,,,0.06213035583496094,5,0.11342447556647357,0.015460219904373778,0.20456580157097157,0.09114132600449802,0.1376838231858422,0.019492060597401543,0.20440603477534638,0.06672221158950414,0.1125,0.045736601695948925,0.121875,0.009375000000000005,0.42517498912060725,0.018657406782274715,0.4316765820564902,0.00650159293588286,v2_class_weight_balanced,,,,,,,,,,,,
multilabel,combined,kNN,ok,,,,,,,,,,,,,,,,,,,,,0.004580879211425781,5,0.0,0.0,0.01821320552503348,0.01821320552503348,0.0,0.0,0.0342959996558016,0.0342959996558016,0.7303571428571428,0.00874817765279706,0.740625,0.010267857142857184,0.037927663734115345,0.031000703253825687,0.039953262981644304,0.00202559924752896,v2_class_weight_balanced,,,,,,,,,,,,
multilabel,combined,SVC,ok,,,,,,,,,,,,,,,,,,,,,0.04220213890075684,5,0.10684998949506738,0.018489387186315938,0.47077426474354916,0.3639242752484818,0.1327309056630584,0.03355912409959984,0.41946112463084717,0.28673021896778883,0.3,0.04432026302139592,0.45357142857142857,0.15357142857142855,0.39485552375217564,0.015523799534327027,0.5565875342488626,0.16173201049668698,v2_class_weight_balanced,,,,,,,,,,,,
multilabel,combined,RandomForest,ok,,,,,,,,,,,,,,,,,,,,,2.4729854106903075,5,0.08272879383990495,0.025030826003403575,0.8459051034222005,0.7631763095822957,0.11631700025560954,0.03342198261081469,0.8462159655289593,0.7298989652733499,0.5892857142857143,0.02988071523335984,0.9040178571428573,0.3147321428571429,0.3549108476007385,0.05987171208913483,0.8849795243285244,0.530068676727786,v2_class_weight_balanced,,,,,,,,,,,,
multilabel,combined,HistGradientBoosting,ok,,,,,,,,,,,,,,,,,,,,,15.36647310256958,5,0.09546531995137697,0.04456341676441301,0.7527707131064055,0.6573053931550286,0.1282115521186775,0.027944737819786444,0.6761861907594968,0.5479746386408193,0.45714285714285713,0.02216013151069795,0.7553571428571428,0.2982142857142857,0.3468165444263732,0.05873219062772333,0.7412718128690527,0.3944552684426796,v2_class_weight_balanced,,,,,,,,,,,,
multilabel,combined,XGBoost,ok,,,,,,,,,,,,,,,,,,,,,0.21355824470520018,5,0.0037037037037037034,0.007407407407407407,0.18601216317788752,0.1823084594741838,0.010810810810810811,0.021621621621621623,0.31847218103342945,0.30766137022261864,0.7357142857142858,0.010714285714285728,0.7776785714285713,0.0419642857142857,0.050909090909090904,0.046092492949894655,0.3232873007574938,0.2723782098484029,v2_class_weight_balanced,,,,,,,,,,,,
multilabel,combined,LightGBM,ok,,,,,,,,,,,,,,,,,,,,,0.1583333969116211,5,0.08729018917747133,0.038251476531899635,0.781687558794367,0.6943973696168957,0.12631394309294336,0.0337593952882589,0.6863860910122683,0.5600721479193249,0.4678571428571428,0.028571428571428557,0.7678571428571429,0.3,0.34560478644985687,0.05751423375832383,0.7588747114102496,0.41326992496039283,v2_class_weight_balanced,,,,,,,,,,,,
multilabel,combined,GaussianNB,ok,,,,,,,,,,,,,,,,,,,,,0.01854248046875,5,0.09833857597883379,0.013961586860602882,0.13364940930671493,0.03531083332788113,0.10376833582829695,0.01752485559861342,0.12269464888713388,0.018926313058836932,0.030357142857142853,0.014507211436849929,0.04196428571428572,0.01160714285714286,0.41163522939517244,0.0176182881128231,0.4175255436453626,0.005890314250190187,v2_class_weight_balanced,,,,,,,,,,,,
multilabel,combined,MLP,ok,,,,,,,,,,,,,,,,,,,,,0.4361123561859131,5,0.018757834757834758,0.024268057117899398,0.03303086259034986,0.014273027832515097,0.029917826597350327,0.03786469166705245,0.040623579509452876,0.01070575291210255,0.6892857142857143,0.043521634310549805,0.6986607142857143,0.009375000000000022,0.07667698658410733,0.07317367279913634,0.08796963279466177,0.011292646210554456,v2_class_weight_balanced,,,,,,,,,,,,
continuous,original,Ridge,ok,,,,,,,,,,,,,,,,,,,,,0.00436692237854,5,,,,,,,,,,,,,0.3232177605115687,0.0448536278338924,0.4067076232111893,0.0834898626996205,v1_original_hyperparameter,0.3058234016040317,0.0145505646336468,0.2945199687718637,-0.011303432832168,0.4314752715028482,0.0120686701842983,0.4140600029292293,-0.0174152685736189,0.0003580371236324,0.0493132734887416,0.083414689304813,0.0830566521811805
continuous,original,kNN,ok,,,,,,,,,,,,,,,,,,,,,0.000417137145996,5,,,,,,,,,,,,,0.3098290598290598,0.0634814962559697,0.500946708214595,0.191117648385535,v1_original_hyperparameter,0.3246307743938513,0.0215043737542886,0.2693661114037097,-0.0552646629901417,0.4527535014731524,0.0247539874242054,0.3753301872769872,-0.0774233141961652,-0.1001667539193105,0.0845901605486088,0.2466615944719979,0.3468283483913085
continuous,original,SVR,ok,,,,,,,,,,,,,,,,,,,,,0.0062103271484375,5,,,,,,,,,,,,,0.2448227211385106,0.0323897815840158,0.4617766808173985,0.2169539596788879,v1_original_hyperparameter,0.2924776388322467,0.0112218682675083,0.2371174463320258,-0.0553601925002209,0.4365497847107064,0.0148742301395292,0.3787007069400548,-0.0578490777706514,-0.0238041127284735,0.0654033100459895,0.2332135711320034,0.2570176838604769
continuous,original,RandomForest,ok,,,,,,,,,,,,,,,,,,,,,0.3552479267120361,5,,,,,,,,,,,,,0.3722948294608683,0.0594773764132476,0.7542993311128444,0.3820045016519761,v1_original_hyperparameter,0.3117153268678906,0.0129045237702404,0.201645907664496,-0.1100694192033945,0.4364009762601812,0.0100427661483572,0.2822538738830291,-0.1541471023771521,-0.0227268995772038,0.0479704294584863,0.5741008504295224,0.5968277500067262
continuous,original,HistGradientBoosting,ok,,,,,,,,,,,,,,,,,,,,,0.0505640029907226,5,,,,,,,,,,,,,0.3205399853264857,0.0315980624093486,0.6241425798620921,0.3036025945356063,v1_original_hyperparameter,0.3110969972529455,0.0185762995197867,0.2418470476431181,-0.0692499496098274,0.4367712414265797,0.013332189146701,0.3398310836923112,-0.0969401577342686,-0.0240298823448816,0.0468787949092119,0.3824117680452168,0.4064416503900985
continuous,original,XGBoost,ok,,,,,,,,,,,,,,,,,,,,,0.0233339309692382,5,,,,,,,,,,,,,0.3288792286253155,0.0904366470647505,0.6796814564501745,0.3508022278248591,v1_original_hyperparameter,0.3104492218668651,0.0160626027570119,0.2220426561103974,-0.0884065657564676,0.4376467779012618,0.0138311840641085,0.310443870837655,-0.1272029070636068,-0.0284201802463049,0.0540881072541776,0.4847107867224718,0.5131309669687768
continuous,original,LightGBM,ok,,,,,,,,,,,,,,,,,,,,,0.0141216278076171,5,,,,,,,,,,,,,0.3613464966406143,0.0485310943752091,0.583813921123032,0.2224674244824178,v1_original_hyperparameter,0.3111338585435334,0.0198259207593394,0.2549670254228687,-0.0561668331206646,0.4345072986562711,0.0156718326010929,0.3556595672843993,-0.0788477313718717,-0.013474599628188,0.0541055364574027,0.3234483284096591,0.3369229280378472
continuous,original,MLP,ok,,,,,,,,,,,,,,,,,,,,,0.1075401306152343,5,,,,,,,,,,,,,0.3351832272449383,0.0681807722289366,0.4400229611309658,0.1048397338860274,v1_original_hyperparameter,0.3257175362620578,0.0240754310526847,0.3026644026758678,-0.0230531335861899,0.4395056601783432,0.0220048863740539,0.4102917554932672,-0.0292139046850759,-0.0357863181019194,0.0601776541622504,0.0972421320987871,0.1330284502007065
continuous,original_no_kategorial,Ridge,ok,,,,,,,,,,,,,,,,,,,,,0.0012050151824951,5,,,,,,,,,,,,,0.3312313820414056,0.0629236640914672,0.4144415376570239,0.0832101556156183,v1_original_hyperparameter,0.3043284428183863,0.0163171612910492,0.2947480384509218,-0.0095804043674645,0.4315312992764012,0.0127312999894595,0.4172771367018897,-0.0142541625745116,0.0001932351729043,0.0491138389397724,0.0691246573624672,0.0689314221895629
continuous,original_no_kategorial,kNN,ok,,,,,,,,,,,,,,,,,,,,,0.0,5,,,,,,,,,,,,,0.3374392950181712,0.0406124451141891,0.5181559920274592,0.180716697009288,v1_original_hyperparameter,0.3347794954678068,0.0126292021871947,0.2694092370315432,-0.0653702584362636,0.4681999598924991,0.0099509590359213,0.3801228528623535,-0.0880771070301455,-0.1794783855445515,0.0907878935585363,0.2272095970299435,0.406687982574495
continuous,original_no_kategorial,SVR,ok,,,,,,,,,,,,,,,,,,,,,0.0155520439147949,5,,,,,,,,,,,,,0.2665592805127688,0.0537764271344582,0.4587980389146738,0.192238758401905,v1_original_hyperparameter,0.2938048269198988,0.0049043249467151,0.2395905619635682,-0.0542142649563305,0.4385844436348554,0.0113043804573881,0.3838231402587843,-0.0547613033760711,-0.0338595188176682,0.06697454044749,0.2122309705912397,0.2460904894089078
continuous,original_no_kategorial,RandomForest,ok,,,,,,,,,,,,,,,,,,,,,0.3455865859985351,5,,,,,,,,,,,,,0.3826721832710275,0.0513538806305511,0.7525972641456302,0.3699250808746026,v1_original_hyperparameter,0.3122712599075939,0.0127891215253304,0.20243878115771,-0.1098324787498839,0.4379744057745213,0.0095488702974175,0.2842542911132768,-0.1537201146612445,-0.030407987519436,0.0534709404960132,0.5680063033396696,0.5984142908591057
continuous,original_no_kategorial,HistGradientBoosting,ok,,,,,,,,,,,,,,,,,,,,,0.0692456245422363,5,,,,,,,,,,,,,0.3508307541144682,0.0554789803174884,0.6303686862079547,0.2795379320934865,v1_original_hyperparameter,0.3124664101698823,0.0198281339519007,0.2426226577970998,-0.0698437523727825,0.4393408264973787,0.0142631040779833,0.3427146022701298,-0.0966262242272489,-0.0360848123631543,0.0493790265893053,0.3718704297690709,0.4079552421322253
continuous,original_no_kategorial,XGBoost,ok,,,,,,,,,,,,,,,,,,,,,0.0268146991729736,5,,,,,,,,,,,,,0.3455918436568591,0.0836554261661307,0.6811656376034911,0.335573793946632,v1_original_hyperparameter,0.3134264276223218,0.0185232957257511,0.2230853585421751,-0.0903410690801467,0.441684158442606,0.015794402452465,0.3142453316664106,-0.1274388267761953,-0.0470689143169754,0.0529161942722808,0.4717997904869802,0.5188687048039556
continuous,original_no_kategorial,LightGBM,ok,,,,,,,,,,,,,,,,,,,,,0.014538288116455,5,,,,,,,,,,,,,0.3642740439079651,0.0460632359879342,0.5889612290796106,0.2246871851716454,v1_original_hyperparameter,0.3112082954918603,0.0183574142305937,0.2541979765247155,-0.0570103189671448,0.4353383318935265,0.0134100635038564,0.358339429402791,-0.0769989024907354,-0.0183706664471376,0.0657230858178269,0.3133902340182847,0.3317609004654224
continuous,original_no_kategorial,MLP,ok,,,,,,,,,,,,,,,,,,,,,0.1878234386444091,5,,,,,,,,,,,,,0.3256163286260554,0.0440348369344051,0.4333043945278731,0.1076880659018177,v1_original_hyperparameter,0.3302285647878679,0.0171757685186253,0.2965921160806819,-0.033636448707186,0.4504387561380497,0.0108436125511975,0.4052120034544673,-0.0452267526835824,-0.0959064763518635,0.1336822007926166,0.1201028356350671,0.2160093119869307
continuous,residual,Ridge,ok,,,,,,,,,,,,,,,,,,,,,0.0012042999267578,5,,,,,,,,,,,,,0.3342395219252201,0.0456749128646776,0.4141230795603107,0.0798835576350906,v1_original_hyperparameter,0.3055413563910454,0.0145942953872766,0.2946593498103252,-0.0108820065807201,0.43059342511347,0.0121069851045555,0.4142418372508551,-0.0163515878626148,0.0047181420395622,0.0431520750360053,0.0826233187775598,0.0779051767379976
continuous,residual,kNN,ok,,,,,,,,,,,,,,,,,,,,,0.0030180931091308,5,,,,,,,,,,,,,0.3178482243472101,0.0466298279963941,0.5188967980100033,0.201048573662793,v1_original_hyperparameter,0.315824853859259,0.0165341543700541,0.2618493020162581,-0.0539755518430009,0.4529700821863004,0.0189187612597102,0.3685061402238859,-0.0844639419624144,-0.1013003366675357,0.0642433549093879,0.2740003076884202,0.375300644355956
continuous,residual,SVR,ok,,,,,,,,,,,,,,,,,,,,,0.0091054439544677,5,,,,,,,,,,,,,0.2995670995670995,0.0680240336520793,0.6374146108222819,0.3378475112551824,v1_original_hyperparameter,0.2986529021276313,0.0131459267205395,0.2090790107753418,-0.0895738913522894,0.4387403648064761,0.0154704437583168,0.3355506650337873,-0.1031896997726888,-0.0344725333392746,0.0720115909325222,0.3978881472788471,0.4323606806181218
continuous,residual,RandomForest,ok,,,,,,,,,,,,,,,,,,,,,0.3522144794464111,5,,,,,,,,,,,,,0.3598240584447481,0.0566757990412506,0.7501272454043966,0.3903031869596484,v1_original_hyperparameter,0.3149578708853175,0.0152576698610904,0.2061726358859638,-0.1087852349993536,0.4370019407612076,0.0119893079924359,0.2856508588776427,-0.1513510818835649,-0.0253038647886577,0.0476445465373626,0.5637366671953334,0.5890405319839911
continuous,residual,HistGradientBoosting,ok,,,,,,,,,,,,,,,,,,,,,0.0500494003295898,5,,,,,,,,,,,,,0.3602422577422577,0.0508790436443001,0.6433723461819352,0.2831300884396775,v1_original_hyperparameter,0.3092785680123145,0.0170571445502954,0.2425608800006865,-0.066717688011628,0.436348134594607,0.0119550434422059,0.3424329219062543,-0.0939152126883527,-0.0233525273510991,0.0673587153135046,0.373111036315974,0.3964635636670731
continuous,residual,XGBoost,ok,,,,,,,,,,,,,,,,,,,,,0.0368843078613281,5,,,,,,,,,,,,,0.3701021911699931,0.0363312495203897,0.6838056379596572,0.313703446789664,v1_original_hyperparameter,0.3096120016664956,0.0206255693865735,0.2204545867809781,-0.0891574148855175,0.437583373174759,0.0131408108099003,0.3090172525511848,-0.1285661206235741,-0.0300893868667617,0.082816615092483,0.4894731018050907,0.5195624886718525
continuous,residual,LightGBM,ok,,,,,,,,,,,,,,,,,,,,,0.0102086067199707,5,,,,,,,,,,,,,0.3594841584727733,0.0472319467235071,0.6288543412957122,0.2693701828229389,v1_original_hyperparameter,0.3114234675478691,0.0181797945349238,0.2508007279087,-0.060622739639169,0.4384866650190201,0.0121022449909233,0.3513581784142129,-0.0871284866048071,-0.0320928991257911,0.0435111648106763,0.3397830482496929,0.3718759473754841
continuous,residual,MLP,ok,,,,,,,,,,,,,,,,,,,,,0.1009377479553222,5,,,,,,,,,,,,,0.3839969106082491,0.0386905114494528,0.4290254898639954,0.0450285792557463,v1_original_hyperparameter,0.3350229216688427,0.0205746532108412,0.3126477173905165,-0.0223752042783261,0.4549414675499081,0.0172385415002782,0.416895754413512,-0.038045713136396,-0.115489555716366,0.1160973783904716,0.0663286170854371,0.1818181728018031
continuous,combined,Ridge,ok,,,,,,,,,,,,,,,,,,,,,0.0026371479034423,5,,,,,,,,,,,,,0.3354299981156963,0.0444559368672347,0.4126868830665173,0.077256884950821,v1_original_hyperparameter,0.3060986473551087,0.0146452148039188,0.2945830729227524,-0.0115155744323562,0.4318251485565925,0.0118244827252707,0.4140313281203017,-0.0177938204362907,-0.0013331727636471,0.0502005211760024,0.0835407794485052,0.0848739522121523
continuous,combined,kNN,ok,,,,,,,,,,,,,,,,,,,,,0.0,5,,,,,,,,,,,,,0.3388978284106204,0.0341071568550474,0.5035604791683604,0.1646626507577401,v1_original_hyperparameter,0.3232551680618892,0.0163891982919689,0.2604912940074241,-0.0627638740544651,0.451956847642257,0.0180865390295262,0.3658344016552672,-0.0861224459869897,-0.0993674763834798,0.0985846666115157,0.2842269785094827,0.3835944548929627
continuous,combined,SVR,ok,,,,,,,,,,,,,,,,,,,,,0.0108232021331787,5,,,,,,,,,,,,,0.2659090909090909,0.0641215271802994,0.6063069691154799,0.3403978782063889,v1_original_hyperparameter,0.2968219389523227,0.0110951336103982,0.2156310649533601,-0.0811908739989626,0.4365846897882579,0.0137723595172827,0.3464301723516901,-0.0901545174365677,-0.0251014334762386,0.0789544194601492,0.3582477420875278,0.3833491755637664
continuous,combined,RandomForest,ok,,,,,,,,,,,,,,,,,,,,,0.5122013568878174,5,,,,,,,,,,,,,0.3647237272853036,0.0489163616790307,0.7617864462084958,0.3970627189231921,v1_original_hyperparameter,0.3126909079664123,0.0131350093271994,0.1976937869908821,-0.1149971209755302,0.4387614610522855,0.0104692668292284,0.2753239143430503,-0.1634375467092351,-0.0340345525070888,0.0540125555533028,0.5946905419277971,0.6287250944348861
continuous,combined,HistGradientBoosting,ok,,,,,,,,,,,,,,,,,,,,,0.0566241741180419,5,,,,,,,,,,,,,0.3656932292542595,0.0313394764608214,0.6669819156835338,0.3012886864292744,v1_original_hyperparameter,0.3117101490222143,0.0192888602834702,0.2346228021357156,-0.0770873468864986,0.44046609749479,0.0137514833857786,0.3296829373392755,-0.1107831601555144,-0.0409331892596078,0.0369736898372434,0.4188671921810002,0.4598003814406081
continuous,combined,XGBoost,ok,,,,,,,,,,,,,,,,,,,,,0.0265315055847167,5,,,,,,,,,,,,,0.3544727891156461,0.0595202875055322,0.7173138952809192,0.3628411061652729,v1_original_hyperparameter,0.3077359170130979,0.0147325440233987,0.2115725714590604,-0.0961633455540375,0.4402379852838699,0.0083258509466,0.2933655794124616,-0.1468724058714082,-0.0421124776039912,0.0697000816175147,0.5398515446689098,0.5819640222729011
continuous,combined,LightGBM,ok,,,,,,,,,,,,,,,,,,,,,0.0200489997863769,5,,,,,,,,,,,,,0.3601952015601152,0.0692153103896978,0.6300182373017833,0.269823035741668,v1_original_hyperparameter,0.3134426050026646,0.0191274666401562,0.24493545619648,-0.0685071488061845,0.4414283040895587,0.0141354994544069,0.3424567990396913,-0.0989715050498674,-0.0463587970483329,0.0574413559412058,0.3724973459390169,0.4188561429873498
continuous,combined,MLP,ok,,,,,,,,,,,,,,,,,,,,,0.1491724491119384,5,,,,,,,,,,,,,0.3517997722836695,0.0530738733411938,0.5355361196271167,0.1837363473434471,v1_original_hyperparameter,0.3321621839744321,0.0169039192402022,0.2731503241607862,-0.0590118598136458,0.4525425808302689,0.0128543025740144,0.3691704708432006,-0.0833721099870682,-0.0997827535197201,0.0568365905024272,0.2674585819998841,0.3672413355196043
