zielgroesse,modell,feature_set,gap,validierungs_f1
binary,GaussianNB,original,0.025319569373753792,0.42023548353397366
binary,GaussianNB,original_no_kategorial,0.03217727263322464,0.4228047122942967
binary,GaussianNB,residual,0.035410573262906905,0.29175769158377857
binary,GaussianNB,combined,0.03088078598237045,0.41109873177279666
binary,LogisticRegression,original,0.0704234059470907,0.3822468611989486
binary,LogisticRegression,original_no_kategorial,0.07318898080602136,0.3747070779214312
binary,LogisticRegression,residual,0.07009040742068583,0.37892054992456603
binary,LogisticRegression,combined,0.06876591823596787,0.38037652270210404
binary,kNN,original,0.20922958536939626,0.17415947992705524
binary,kNN,original_no_kategorial,0.24117774363656652,0.1942581509205386
binary,kNN,residual,0.15981510057573942,0.19364118932796726
binary,kNN,combined,0.20443825861610235,0.16463749463749464
binary,SVC,original,0.14168486210379766,0.4096736005411804
binary,SVC,original_no_kategorial,0.14871649195077785,0.3984097236175296
binary,SVC,residual,0.2501616774126568,0.3918577075098814
binary,SVC,combined,0.21289496825493265,0.39521035191623427
binary,RandomForest,original,0.5323273591929241,0.3696021464873924
binary,RandomForest,original_no_kategorial,0.5438903955685843,0.3663379282179332
binary,RandomForest,residual,0.5668848552021755,0.3524321673749591
binary,RandomForest,combined,0.5564245738890363,0.3636926182978814
binary,HistGradientBoosting,original,0.38887557281777985,0.33597166756313596
binary,HistGradientBoosting,original_no_kategorial,0.3821037379334142,0.3393344485729758
binary,HistGradientBoosting,residual,0.339645060512257,0.383315409062788
binary,HistGradientBoosting,combined,0.39086860423956776,0.3691964587450456
binary,XGBoost,original,0.3890388236612111,0.36413593606216554
binary,XGBoost,original_no_kategorial,0.42941008006144743,0.3341633978871963
binary,XGBoost,residual,0.41306946755896484,0.3701452344076211
binary,XGBoost,combined,0.4459589102236795,0.35749057652263183
binary,LightGBM,original,0.3292702530291386,0.36680251262366986
binary,LightGBM,original_no_kategorial,0.29447068520671216,0.38064735339147315
binary,LightGBM,residual,0.3068703610242725,0.3947745254401601
binary,LightGBM,combined,0.3565322730066329,0.36151177806532686
binary,MLP,original,0.0,0.0
binary,MLP,original_no_kategorial,-0.011657318712701842,0.29467776963065523
binary,MLP,residual,-0.009717514124293785,0.026666666666666665
binary,MLP,combined,0.038340223965053224,0.19802400866339487
continuous,Ridge,original,0.0834898626996205,0.3232177605115687
continuous,Ridge,original_no_kategorial,0.0832101556156183,0.3312313820414056
continuous,Ridge,residual,0.0798835576350906,0.3342395219252201
continuous,Ridge,combined,0.077256884950821,0.3354299981156963
continuous,kNN,original,0.191117648385535,0.3098290598290598
continuous,kNN,original_no_kategorial,0.180716697009288,0.3374392950181712
continuous,kNN,residual,0.201048573662793,0.3178482243472101
continuous,kNN,combined,0.1646626507577401,0.3388978284106204
continuous,SVR,original,0.2169539596788879,0.2448227211385106
continuous,SVR,original_no_kategorial,0.192238758401905,0.2665592805127688
continuous,SVR,residual,0.3378475112551824,0.2995670995670995
continuous,SVR,combined,0.3403978782063889,0.2659090909090909
continuous,RandomForest,original,0.3820045016519761,0.3722948294608683
continuous,RandomForest,original_no_kategorial,0.3699250808746026,0.3826721832710275
continuous,RandomForest,residual,0.3903031869596484,0.3598240584447481
continuous,RandomForest,combined,0.3970627189231921,0.3647237272853036
continuous,HistGradientBoosting,original,0.3036025945356063,0.3205399853264857
continuous,HistGradientBoosting,original_no_kategorial,0.2795379320934865,0.3508307541144682
continuous,HistGradientBoosting,residual,0.2831300884396775,0.3602422577422577
continuous,HistGradientBoosting,combined,0.3012886864292744,0.3656932292542595
continuous,XGBoost,original,0.3508022278248591,0.3288792286253155
continuous,XGBoost,original_no_kategorial,0.335573793946632,0.3455918436568591
continuous,XGBoost,residual,0.313703446789664,0.3701021911699931
continuous,XGBoost,combined,0.3628411061652729,0.3544727891156461
continuous,LightGBM,original,0.2224674244824178,0.3613464966406143
continuous,LightGBM,original_no_kategorial,0.2246871851716454,0.3642740439079651
continuous,LightGBM,residual,0.2693701828229389,0.3594841584727733
continuous,LightGBM,combined,0.269823035741668,0.3601952015601152
continuous,MLP,original,0.1048397338860274,0.3351832272449383
continuous,MLP,original_no_kategorial,0.1076880659018177,0.3256163286260554
continuous,MLP,residual,0.0450285792557463,0.3839969106082491
continuous,MLP,combined,0.1837363473434471,0.3517997722836695
multilabel,GaussianNB,original,-0.001480530551414083,0.41320778984555934
multilabel,GaussianNB,original_no_kategorial,0.00812287101455037,0.410825729035374
multilabel,GaussianNB,residual,0.0038095148987360994,0.4119717478296998
multilabel,GaussianNB,combined,0.005890314250190187,0.41163522939517244
multilabel,LogisticRegression,original,0.010180944506996813,0.4220149250564302
multilabel,LogisticRegression,original_no_kategorial,0.008179027496026836,0.42147588974787425
multilabel,LogisticRegression,residual,0.005433509805461834,0.42481651372256213
multilabel,LogisticRegression,combined,0.00650159293588286,0.42517498912060725
multilabel,kNN,original,0.061566325012816725,0.0
multilabel,kNN,original_no_kategorial,0.041510138936551366,0.038736559139784944
multilabel,kNN,residual,0.017267191709202916,0.012903225806451613
multilabel,kNN,combined,0.00202559924752896,0.037927663734115345
multilabel,SVC,original,0.0849664285276767,0.400392589866274
multilabel,SVC,original_no_kategorial,0.07147472281782057,0.42534304148046986
multilabel,SVC,residual,0.16895591731153978,0.4059388474737828
multilabel,SVC,combined,0.16173201049668698,0.39485552375217564
multilabel,RandomForest,original,0.49207514282094494,0.35558589908131444
multilabel,RandomForest,original_no_kategorial,0.5076826677704837,0.3398413483072478
multilabel,RandomForest,residual,0.5534100837550008,0.30696132663464787
multilabel,RandomForest,combined,0.530068676727786,0.3549108476007385
multilabel,HistGradientBoosting,original,0.28274615486088117,0.40299906883240216
multilabel,HistGradientBoosting,original_no_kategorial,0.3005563246724238,0.3903091762952934
multilabel,HistGradientBoosting,residual,0.34373413838980976,0.36048047792391796
multilabel,HistGradientBoosting,combined,0.3944552684426796,0.3468165444263732
multilabel,XGBoost,original,0.20841168995652434,0.02583333333333333
multilabel,XGBoost,original_no_kategorial,0.18634821203386703,0.05247311827956989
multilabel,XGBoost,residual,0.21048620283106861,0.012903225806451613
multilabel,XGBoost,combined,0.2723782098484029,0.050909090909090904
multilabel,LightGBM,original,0.36637230836541906,0.35158396825708793
multilabel,LightGBM,original_no_kategorial,0.3587973998687984,0.3581496959768482
multilabel,LightGBM,residual,0.39583423764522785,0.3300911136798323
multilabel,LightGBM,combined,0.41326992496039283,0.34560478644985687
multilabel,MLP,original,0.0,0.0
multilabel,MLP,original_no_kategorial,0.018532775756788734,0.1900308841485312
multilabel,MLP,residual,-0.012990953458516285,0.026666666666666665
multilabel,MLP,combined,0.011292646210554456,0.07667698658410733
