zielgroesse,feature_set,modell,f1_std,f1_rueckuebersetzt_std,f1_rueckuebersetzt_std,f1_mean,f1_rueckuebersetzt_mean,f1_rueckuebersetzt_mean
binary,original,LogisticRegression,0.0321402867823989,,,0.0262365591397849,,
binary,original,kNN,0.0260223518866406,,,0.1741594799270552,,
binary,original,SVC,0.0,,,0.0,,
binary,original,RandomForest,0.0257902938441836,,,0.1644488225912374,,
binary,original,HistGradientBoosting,0.0706867942484297,,,0.2094227328373669,,
binary,original,XGBoost,0.0909849306591893,,,0.1535808918161859,,
binary,original,LightGBM,0.0735682849581469,,,0.2161598443951385,,
binary,original,GaussianNB,0.0438868811243888,,,0.4202354835339736,,
binary,original,MLP,0.0,,,0.0,,
binary,original_no_kategorial,LogisticRegression,0.0258064516129032,,,0.0129032258064516,,
binary,original_no_kategorial,kNN,0.0562488613823623,,,0.1942581509205386,,
binary,original_no_kategorial,SVC,0.0,,,0.0,,
binary,original_no_kategorial,RandomForest,0.0715689709858116,,,0.1930252740779056,,
binary,original_no_kategorial,HistGradientBoosting,0.0744434573421958,,,0.2264675831628095,,
binary,original_no_kategorial,XGBoost,0.1066483587444894,,,0.1852363991898875,,
binary,original_no_kategorial,LightGBM,0.0786772260894609,,,0.1871009692062323,,
binary,original_no_kategorial,GaussianNB,0.0628051409856766,,,0.4228047122942967,,
binary,original_no_kategorial,MLP,0.1362199110956379,,,0.2946777696306552,,
binary,residual,LogisticRegression,0.0321402867823989,,,0.0262365591397849,,
binary,residual,kNN,0.0247977036640285,,,0.1936411893279672,,
binary,residual,SVC,0.0321402867823989,,,0.0262365591397849,,
binary,residual,RandomForest,0.0759768232897393,,,0.1291029299093815,,
binary,residual,HistGradientBoosting,0.0818812637050503,,,0.2047034047034047,,
binary,residual,XGBoost,0.0495513669608584,,,0.20524075597605,,
binary,residual,LightGBM,0.1206751591006893,,,0.1812238930659983,,
binary,residual,GaussianNB,0.0536212425050131,,,0.2917576915837785,,
binary,residual,MLP,0.032659863237109,,,0.0266666666666666,,
binary,combined,LogisticRegression,0.0321402867823989,,,0.0262365591397849,,
binary,combined,kNN,0.041111358894709,,,0.1646374946374946,,
binary,combined,SVC,0.032659863237109,,,0.0266666666666666,,
binary,combined,RandomForest,0.0491268061633133,,,0.1989391023446751,,
binary,combined,HistGradientBoosting,0.076109427209972,,,0.1975605475605475,,
binary,combined,XGBoost,0.0501331348538321,,,0.1882687028197864,,
binary,combined,LightGBM,0.0473472082001221,,,0.1723525904100459,,
binary,combined,GaussianNB,0.0519364979266879,,,0.4110987317727966,,
binary,combined,MLP,0.1041221443878842,,,0.1980240086633948,,
continuous,original,Ridge,,0.0448536278338924,0.0448536278338924,,0.3232177605115687,0.3232177605115687
continuous,original,kNN,,0.0634814962559697,0.0634814962559697,,0.3098290598290598,0.3098290598290598
continuous,original,SVR,,0.0323897815840158,0.0323897815840158,,0.2448227211385106,0.2448227211385106
continuous,original,RandomForest,,0.0594773764132476,0.0594773764132476,,0.3722948294608683,0.3722948294608683
continuous,original,HistGradientBoosting,,0.0315980624093486,0.0315980624093486,,0.3205399853264857,0.3205399853264857
continuous,original,XGBoost,,0.0904366470647505,0.0904366470647505,,0.3288792286253155,0.3288792286253155
continuous,original,LightGBM,,0.0485310943752091,0.0485310943752091,,0.3613464966406143,0.3613464966406143
continuous,original,MLP,,0.0681807722289366,0.0681807722289366,,0.3351832272449383,0.3351832272449383
continuous,original_no_kategorial,Ridge,,0.0629236640914672,0.0629236640914672,,0.3312313820414056,0.3312313820414056
continuous,original_no_kategorial,kNN,,0.0406124451141891,0.0406124451141891,,0.3374392950181712,0.3374392950181712
continuous,original_no_kategorial,SVR,,0.0537764271344582,0.0537764271344582,,0.2665592805127688,0.2665592805127688
continuous,original_no_kategorial,RandomForest,,0.0513538806305511,0.0513538806305511,,0.3826721832710275,0.3826721832710275
continuous,original_no_kategorial,HistGradientBoosting,,0.0554789803174884,0.0554789803174884,,0.3508307541144682,0.3508307541144682
continuous,original_no_kategorial,XGBoost,,0.0836554261661307,0.0836554261661307,,0.3455918436568591,0.3455918436568591
continuous,original_no_kategorial,LightGBM,,0.0460632359879342,0.0460632359879342,,0.3642740439079651,0.3642740439079651
continuous,original_no_kategorial,MLP,,0.0440348369344051,0.0440348369344051,,0.3256163286260554,0.3256163286260554
continuous,residual,Ridge,,0.0456749128646776,0.0456749128646776,,0.3342395219252201,0.3342395219252201
continuous,residual,kNN,,0.0466298279963941,0.0466298279963941,,0.3178482243472101,0.3178482243472101
continuous,residual,SVR,,0.0680240336520793,0.0680240336520793,,0.2995670995670995,0.2995670995670995
continuous,residual,RandomForest,,0.0566757990412506,0.0566757990412506,,0.3598240584447481,0.3598240584447481
continuous,residual,HistGradientBoosting,,0.0508790436443001,0.0508790436443001,,0.3602422577422577,0.3602422577422577
continuous,residual,XGBoost,,0.0363312495203897,0.0363312495203897,,0.3701021911699931,0.3701021911699931
continuous,residual,LightGBM,,0.0472319467235071,0.0472319467235071,,0.3594841584727733,0.3594841584727733
continuous,residual,MLP,,0.0386905114494528,0.0386905114494528,,0.3839969106082491,0.3839969106082491
continuous,combined,Ridge,,0.0444559368672347,0.0444559368672347,,0.3354299981156963,0.3354299981156963
continuous,combined,kNN,,0.0341071568550474,0.0341071568550474,,0.3388978284106204,0.3388978284106204
continuous,combined,SVR,,0.0641215271802994,0.0641215271802994,,0.2659090909090909,0.2659090909090909
continuous,combined,RandomForest,,0.0489163616790307,0.0489163616790307,,0.3647237272853036,0.3647237272853036
continuous,combined,HistGradientBoosting,,0.0313394764608214,0.0313394764608214,,0.3656932292542595,0.3656932292542595
continuous,combined,XGBoost,,0.0595202875055322,0.0595202875055322,,0.3544727891156461,0.3544727891156461
continuous,combined,LightGBM,,0.0692153103896978,0.0692153103896978,,0.3601952015601152,0.3601952015601152
continuous,combined,MLP,,0.0530738733411938,0.0530738733411938,,0.3517997722836695,0.3517997722836695
multilabel,original,LogisticRegression,,0.0,0.0,,0.0,0.0
multilabel,original,kNN,,0.0,0.0,,0.0,0.0
multilabel,original,SVC,,0.0,0.0,,0.0,0.0
multilabel,original,RandomForest,,0.0266666666666666,0.0266666666666666,,0.0133333333333333,0.0133333333333333
multilabel,original,HistGradientBoosting,,0.0227472578440218,0.0227472578440218,,0.0759335288367546,0.0759335288367546
multilabel,original,XGBoost,,0.0316666666666666,0.0316666666666666,,0.0258333333333333,0.0258333333333333
multilabel,original,LightGBM,,0.0431721425465498,0.0431721425465498,,0.0737480584032308,0.0737480584032308
multilabel,original,GaussianNB,,0.0176375773235957,0.0176375773235957,,0.4132077898455593,0.4132077898455593
multilabel,original,MLP,,0.0,0.0,,0.0,0.0
multilabel,original_no_kategorial,LogisticRegression,,0.0258064516129032,0.0258064516129032,,0.0129032258064516,0.0129032258064516
multilabel,original_no_kategorial,kNN,,0.03165571126922,0.03165571126922,,0.0387365591397849,0.0387365591397849
multilabel,original_no_kategorial,SVC,,0.0,0.0,,0.0,0.0
multilabel,original_no_kategorial,RandomForest,,0.0321402867823989,0.0321402867823989,,0.0262365591397849,0.0262365591397849
multilabel,original_no_kategorial,HistGradientBoosting,,0.0464848760709099,0.0464848760709099,,0.0767155425219941,0.0767155425219941
multilabel,original_no_kategorial,XGBoost,,0.048520246908292,0.048520246908292,,0.0524731182795698,0.0524731182795698
multilabel,original_no_kategorial,LightGBM,,0.0290415582082868,0.0290415582082868,,0.0880455407969639,0.0880455407969639
multilabel,original_no_kategorial,GaussianNB,,0.0396311956017043,0.0396311956017043,,0.410825729035374,0.410825729035374
multilabel,original_no_kategorial,MLP,,0.0983724675051373,0.0983724675051373,,0.1900308841485312,0.1900308841485312
multilabel,residual,LogisticRegression,,0.0,0.0,,0.0,0.0
multilabel,residual,kNN,,0.0258064516129032,0.0258064516129032,,0.0129032258064516,0.0129032258064516
multilabel,residual,SVC,,0.0,0.0,,0.0,0.0
multilabel,residual,RandomForest,,0.0,0.0,,0.0,0.0
multilabel,residual,HistGradientBoosting,,0.0321402867823989,0.0321402867823989,,0.0262365591397849,0.0262365591397849
multilabel,residual,XGBoost,,0.0258064516129032,0.0258064516129032,,0.0129032258064516,0.0129032258064516
multilabel,residual,LightGBM,,0.0319671469695691,0.0319671469695691,,0.0391397849462365,0.0391397849462365
multilabel,residual,GaussianNB,,0.0124422485596605,0.0124422485596605,,0.4119717478296998,0.4119717478296998
multilabel,residual,MLP,,0.032659863237109,0.032659863237109,,0.0266666666666666,0.0266666666666666
multilabel,combined,LogisticRegression,,0.0242424242424242,0.0242424242424242,,0.0121212121212121,0.0121212121212121
multilabel,combined,kNN,,0.0310007032538256,0.0310007032538256,,0.0379276637341153,0.0379276637341153
multilabel,combined,SVC,,0.0,0.0,,0.0,0.0
multilabel,combined,RandomForest,,0.0266666666666666,0.0266666666666666,,0.0133333333333333,0.0133333333333333
multilabel,combined,HistGradientBoosting,,0.0396080295515216,0.0396080295515216,,0.0641963292547274,0.0641963292547274
multilabel,combined,XGBoost,,0.0460924929498946,0.0460924929498946,,0.0509090909090909,0.0509090909090909
multilabel,combined,LightGBM,,0.020624035774056,0.020624035774056,,0.0764326375711575,0.0764326375711575
multilabel,combined,GaussianNB,,0.0176182881128231,0.0176182881128231,,0.4116352293951724,0.4116352293951724
multilabel,combined,MLP,,0.0731736727991363,0.0731736727991363,,0.0766769865841073,0.0766769865841073
